line,station
1,"Hollerich, Garage Avl"
1,"Kirchberg, Luxexpo Entrée Sud"
1,"Kirchberg, Poutty Stein"
1,"Kirchberg, Luxexpo Quai 4 (Arrêt Bus)"
1,"Kirchberg, Hôpital"
1,"Kirchberg, Alphonse Weicker"
1,"Kirchberg, Réimerwee"
1,"Kirchberg, Albert Borschette"
1,"Kirchberg, Coudenhove-Kalergi"
1,"Kirchberg, Konrad Adenauer"
1,"Kirchberg, Antoine De St Exupéry"
1,"Kirchberg, Jean Monnet"
1,"Kirchberg, B.E.I."
1,"Kirchberg, Rout Bréck - Pafendall"
1,"Centre, Fondation Pescatore"
1,"Centre, Martyrs"
1,"Centre, Paris/Zitha"
1,"Luxembourg, Gare Centrale"
1,"Hollerich, Fonderie"
1,"Hollerich, Jean-Baptiste Merkels"
1,"Hollerich, Salzhaff"
1,"Hollerich, P+R Bouillon Ext."
1,"Hollerich, P+R Bouillon"
1,"Hollerich, Garage Avl"
2,"Cessange, Boy Konen"
2,"Limpertsberg, Lycée Michel Lucius"
2,"Limpertsberg, Avenir"
2,"Limpertsberg, Wassertuerm"
2,"Limpertsberg, Square André"
2,"Limpertsberg, Alen Tramsschapp"
2,"Limpertsberg, Lycée De Garçons"
2,"Limpertsberg, Lycée Robert Schuman"
2,"Centre, Fondation Pescatore"
2,"Centre, Martyrs"
2,"Centre, Paris/Zitha"
2,"Luxembourg, Gare Centrale"
2,"Centre, Alsace"
2,"Gasperich, Déportation"
2,"Gasperich, Millewee"
2,"Gasperich, Clemenceau"
2,"Gasperich, Richard Wagner"
2,"Gasperich, Bei Der Auer"
2,"Gasperich, Al Gasperich"
2,"Gasperich, Klensch"
2,"Gasperich, Louis De Froment"
2,"Cessange, Rue Verte"
2,"Cessange, Kuelebierg"
2,"Cessange, Tubishaff"
2,"Cessange, Antoine"
2,"Cessange, Rue De Leudelange"
2,"Cessange, Boy Konen"
3,"Bonnevoie, Lycée Technique De Bonnevoie/Quais"
3,"Howald, C.I.P.A."
3,"Howald, Waassertuerm"
3,"Howald, Minsbësch"
3,"Howald, Bei Der Kierch"
3,"Howald, 9 Mai 1944"
3,"Howald, Rangwee"
3,"Bonnevoie, Lycée Technique De Bonnevoie/Quais"
4,"Leudelange, Gemeng"
4,"Limpertsberg, Lycée Michel Lucius"
4,"Limpertsberg, Avenir"
4,"Limpertsberg, Wassertuerm"
4,"Limpertsberg, Square André"
4,"Limpertsberg, Alen Tramsschapp"
4,"Limpertsberg, Lycée De Garçons"
4,"Limpertsberg, Lycée Robert Schuman"
4,"Centre, Fondation Pescatore"
4,"Centre, Martyrs"
4,"Centre, Paris/Zitha"
4,"Luxembourg, Gare Centrale"
4,"Hollerich, Fonderie"
4,"Hollerich, Assurances Sociales"
4,"Cessange, Barrès"
4,"Cessange, Artisans"
4,"Cessange, Fischerhaff"
4,"Cessange, Kierch"
4,"Cessange, Duerf"
4,"Cessange, Am Eck"
4,"Cessange, Rue De Leudelange"
4,"Leudelange, Grasbösch"
4,"Leudelange, Schaefert"
4,"Leudelange, Stiédswee"
4,"Leudelange, Queesche Wee"
4,"Leudelange, Galgebösch"
4,"Leudelange, Gemeng"
5,"Bertrange, Gemeng"
5,"Bonnevoie, Demy Schlechter"
5,"Bonnevoie, Willibrord"
5,"Bonnevoie, Jules Fischer"
5,"Bonnevoie, Nic Martha"
5,"Bonnevoie, Kaltreis"
5,"Bonnevoie, Izegerknupp"
5,"Bonnevoie, Anatole France"
5,"Bonnevoie, Jean Jacoby"
5,"Bonnevoie, Wisestrooss"
5,"Bonnevoie, Léon XIII"
5,"Bonnevoie, Rotonde"
5,"Luxembourg, Gare Rocade"
5,"Luxembourg, Wallis"
5,"Centre, Paris/Zitha"
5,"Centre, Martyrs"
5,"Centre, Monterey"
5,"Belair, Wampach"
5,"Belair, Crécy"
5,"Belair, Franciscaines"
5,"Merl, Parc"
5,"Belair, Place De France"
5,"Merl, Orval"
5,"Merl, Laang Heck"
5,"Merl, St.Hubert"
5,"Merl, Plaak"
5,"Merl, Op Der Millen"
5,"Bertrange, Fleuri"
5,"Bertrange, Richterwee"
5,"Bertrange, Montereale"
5,"Bertrange, Kierfecht"
5,"Bertrange, Gemeng"
6,"Bertrange, Gemeng"
6,"Bonnevoie, Demy Schlechter"
6,"Bonnevoie, Willibrord"
6,"Bonnevoie, Jules Fischer"
6,"Bonnevoie, Nic Martha"
6,"Bonnevoie, Kaltreis"
6,"Bonnevoie, Izegerknupp"
6,"Bonnevoie, Anatole France"
6,"Bonnevoie, Jean Jacoby"
6,"Bonnevoie, Wisestrooss"
6,"Bonnevoie, Léon XIII"
6,"Bonnevoie, Rotonde"
6,"Luxembourg, Gare Rocade"
6,"Luxembourg, Wallis"
6,"Centre, Paris/Zitha"
6,"Centre, Martyrs"
6,"Centre, Monterey"
6,"Belair, Wampach"
6,"Belair, Crécy"
6,"Belair, Franciscaines"
6,"Merl, Parc"
6,"Belair, Place De France"
6,"Merl, Orval"
6,"Merl, Laang Heck"
6,"Merl, St.Hubert"
6,"Merl, Plaak"
6,"Merl, Op Der Millen"
6,"Helfenterbréck, Pletzer"
6,"Helfent, City Concorde"
6,"Bertrange, Dicks"
6,"Bertrange, Gemeng"
7,"Kirchberg, Rehazenter Parking"
7,"Pulvermuhl, Hammerdällchen"
7,"Verlorenkost, Général Patton"
7,"Verlorenkost, Lavoisier"
7,"Verlorenkost, Laboratoire"
7,"Luxembourg, Gare Rocade"
7,"Bonnevoie, Rotonde"
7,"Bonnevoie, Léon XIII"
7,"Bonnevoie, Dernier Sol"
7,"Luxembourg, Gare Routière"
7,"Centre, Paris/Zitha"
7,"Centre, Martyrs"
7,"Centre, Fondation Pescatore"
7,"Kirchberg, Rout Bréck - Pafendall"
7,"Kirchberg, B.E.I."
7,"Kirchberg, Jean Monnet"
7,"Kirchberg, Antoine De St Exupéry"
7,"Kirchberg, Konrad Adenauer"
7,"Kirchberg, Coudenhove-Kalergi"
7,"Kirchberg, Albert Borschette"
7,"Kirchberg, Réimerwee"
7,"Kirchberg, Alphonse Weicker"
7,"Kirchberg, Hôpital"
7,"Kirchberg, Pierre Werner"
7,"Kirchberg, Rehazenter"
7,"Kirchberg, Rehazenter Parking"
8,"Bertrange, Waassertuerm"
8,"Eich, Centre Culturel"
8,"Weimerskirch, Laval's Park"
8,"Weimerskirch, Duerf"
8,"Weimerskirch, Mäertesbur"
8,"Weimerskirch, Pierre-Eloi Schoué"
8,"Weimerskirch, St.Vith"
8,"Kirchberg, Paul Noesen"
8,"Kirchberg, Prince Félix"
8,"Kirchberg, Kierch"
8,"Kirchberg, Schmëdd"
8,"Kirchberg, Sichegronn"
8,"Kirchberg, Antoine De St Exupéry"
8,"Kirchberg, Léon Hengen"
8,"Kirchberg, Niedergrünewald"
8,"Kirchberg, Rout Bréck - Pafendall"
8,"Centre, Fondation Pescatore"
8,"Centre, Royal"
8,"Centre, Charlys Gare"
8,"Luxembourg, Square New York"
8,"Belair, Archiducs"
8,"Belair, Amsterdam"
8,"Belair, Kierch"
8,"Belair, Glaesener-Hartmann"
8,"Belair, Val Ste Croix"
8,"Belair, Rue De L'Ouest"
8,"Strassen, Les Aubépines"
8,"Strassen, Michel Angelo"
8,"Strassen, Réimerwee"
8,"Strassen, Kiem"
8,"Strassen, Grande-Duchesse Charlotte"
8,"Strassen, Bechel"
8,"Strassen, Chapelle"
8,"Strassen, Riedgen"
8,"Bertrange, Pesch"
8,"Bertrange, Millewee"
8,"Bertrange, Waassertuerm"
9,"Cents, Waassertuerm"
9,"Luxembourg, Gare Centrale"
9,"Centre, Paris/Zitha"
9,"Centre, Martyrs"
9,"Centre, Badanstalt"
9,"Pfaffenthal, Um Bock"
9,"Clausen, Plateau Altmunster"
9,"Clausen, Clausener Bréck"
9,"Clausen, Malakoff"
9,"Weimershof, Hierzekrëpp"
9,"Neudorf, Fixmer"
9,"Neudorf, Kierch"
9,"Neiduerf, Brasserie"
9,"Neiduerf, Kapell"
9,"Neudorf, Laangegronn"
9,"Weimershof, Fierschterhaus"
9,"Neudorf, Kalchesbruck"
9,"Cents, Waassertuerm"
10,"Luxembourg, Gare Centrale"
10,"Steinsel, Michel Rodange Plaz"
10,"Steinsel, Gonneschhaff"
10,"Steinsel, Laval"
10,"Bereldange, Elterstrachen"
10,"Bereldange, Police"
10,"Bereldange, Schoul"
10,"Beggen, Rue Du Pont"
10,"Beggen, Bastogne"
10,"Beggen, Kierch"
10,"Beggen, Binnchen"
10,"Beggen, Henri Heymanns"
10,"Dommeldange, Emile Metz"
10,"Eich, Klinik"
10,"Eich, Eecher Plaz"
10,"Eich, Octroi"
10,"Limpertsberg, Crispinus"
10,"Centre, Badanstalt"
10,"Centre, Martyrs"
10,"Centre, Paris/Zitha"
10,"Luxembourg, Gare Centrale"
11,"Luxembourg, Gare Centrale"
11,"Steinsel, Michel Rodange Plaz"
11,"Heisdorf, Altersheem"
11,"Heisdorf, Klouster"
11,"Heisdorf, Bei Der Parkmauer"
11,"Heisdorf, Millewee"
11,"Helsem, Mercatoris"
11,"Walferdange, Gare"
11,"Helmsange, Barriär"
11,"Walferdange, Gemenge Plaz"
11,"Bereldange, Police"
11,"Bereldange, Schoul"
11,"Beggen, Rue Du Pont"
11,"Beggen, Bastogne"
11,"Beggen, Kierch"
11,"Beggen, Binnchen"
11,"Beggen, Henri Heymanns"
11,"Dommeldange, Emile Metz"
11,"Eich, Klinik"
11,"Eich, Eecher Plaz"
11,"Eich, Octroi"
11,"Limpertsberg, Crispinus"
11,"Centre, Badanstalt"
11,"Centre, Martyrs"
11,"Centre, Paris/Zitha"
11,"Luxembourg, Gare Centrale"
12,"Dommeldange, Parc De L'Europe"
12,"Hollerich, P+R Bouillon"
12,"Merl, Conservatoire"
12,"Merl, Athénée"
12,"Belair, Place De Liège"
12,"Belair, Kierch"
12,"Belair, Amsterdam"
12,"Belair, Archiducs"
12,"Luxembourg, Square New York"
12,"Centre, Charlys Gare"
12,"Centre, Royal"
12,"Centre, Badanstalt"
12,"Limpertsberg, Crispinus"
12,"Eich, Octroi"
12,"Eich, Eecher Plaz"
12,"Weimerskirch, Laval's Park"
12,"Weimerskirch, Knupp"
12,"Weimerskirch, Tommys Bruch"
12,"Weimerskirch, Biechelchen"
12,"Dommeldange, Van Der Meulen"
12,"Dommeldange, Jean Engling"
12,"Dommeldange, Parc De L'Europe"
13,"Luxembourg, Gare Centrale"
13,"Strassen, Centre Hospitalier"
13,"Belair, Kannerklinik/Maternité"
13,"Belair, Aubépines"
13,"Belair, Val Ste Croix"
13,"Merl, Kiirfecht"
13,"Belair, Oradour"
13,"Belair, Kierch"
13,"Belair, Sacré-Coeur"
13,"Belair, Wampach"
13,"Centre, Monterey"
13,"Centre, Martyrs"
13,"Centre, Paris/Zitha"
13,"Luxembourg, Gare Centrale"
14,"Cents, Waassertuerm"
14,"Luxembourg, Gare Centrale"
14,"Centre, Paris/Zitha"
14,"Centre, Martyrs"
14,"Centre, Badanstalt"
14,"Pfaffenthal, Um Bock"
14,"Clausen, Plateau Altmunster"
14,"Clausen, Clausener Bréck"
14,"Clausen, Tour Jacob"
14,"Clausen, Rumm"
14,"Cents, Dinselpuert"
14,"Cents, Kéibierg-I.N.S."
14,"Cents, Fort Dumoulin"
14,"Cents, Tawioun"
14,"Cents, Kierch"
14,"Cents, Jules Salentiny"
14,"Cents, Arthur Knaff"
14,"Cents, Charles De Tornaco"
14,"Cents, Gabriel De Marie"
14,"Cents, Trèves"
14,"Cents, Carmel"
14,"Cents, Paul Albrecht"
14,"Cents, Camille Polfer"
14,"Cents, Waassertuerm"
15,"Hamm, Rue De Bitbourg"
15,"Merl, Celtes"
15,"Merl, Barrière"
15,"Merl, Marcel Cahen"
15,"Hollerich, P+R Bouillon"
15,"Hollerich, P+R Bouillon Ext."
15,"Hollerich, Schluechthaus"
15,"Hollerich, Nancy"
15,"Hollerich, Alphonse Munchen"
15,"Belair, Bragance"
15,"Belair, Guillaume"
15,"Belair, Rheinsheim"
15,"Belair, Wampach"
15,"Centre, Monterey"
15,"Centre, Martyrs"
15,"Centre, Paris/Zitha"
15,"Luxembourg, Wallis"
15,"Luxembourg, Gare Rocade"
15,"Bonnevoie, Rotonde"
15,"Bonnevoie, Gabriel Lippmann"
15,"Bonnevoie, Kofferfabrik"
15,"Hamm, Montmédy"
15,"Hamm, Englebert Neveu"
15,"Hamm, Colonie"
15,"Hamm, Schoul"
15,"Hamm, Kierch"
15,"Hamm, Rue Haute"
15,"Hamm, Käschtewee"
15,"Hamm, Rue De Bitbourg"
16,"Hesperange, Cité Um Schlass"
16,"Howald, Op Der Stirzel"
16,"Howald, Ronneboesch"
16,"Howald, Moureschanz"
16,"Luxembourg, Gare Routière"
16,"Centre, Paris/Zitha"
16,"Centre, Martyrs"
16,"Centre, Fondation Pescatore"
16,"Kirchberg, Rout Bréck - Pafendall"
16,"Kirchberg, B.E.I."
16,"Kirchberg, Jean Monnet"
16,"Kirchberg, Antoine De St Exupéry"
16,"Kirchberg, Konrad Adenauer"
16,"Kirchberg, Avalon"
16,"Kirchberg, Poutty Stein"
16,"Kirchberg, Luxexpo Quai 4 (Arrêt Bus)"
16,"Senningerberg, Autobunn"
17,"Hollerich, P+R Bouillon"
17,"Centre, Monterey"
17,"Hollerich, Heentze Park"
17,"Hollerich, P+R Bouillon Ext."
17,"Hollerich, P+R Bouillon"
18,"Kirchberg, Konrad Adenauer"
18,"Kirchberg, Luxexpo Entrée Sud"
18,"Kirchberg, Poutty Stein"
18,"Kirchberg, Mathias Tresch"
18,"Kirchberg, Léon Thyes"
18,"Kirchberg, Avalon"
18,"Kirchberg, Konrad Adenauer"
19,"Limpertsberg, Neumans-Park"
19,"Limpertsberg, Neumans-Park"
19,"Limpertsberg, Lefèvre"
19,"Limpertsberg, Jean Soupert"
19,"Limpertsberg, Léandre Lacroix"
19,"Limpertsberg, N.S.Pierret"
19,"Limpertsberg, Alfred De Musset"
19,"Limpertsberg, Allée Scheffer"
19,"Limpertsberg, Glacis/Nikloskierfecht"
19,"Centre, Stäreplaz"
19,"Belair, Wampach"
19,"Centre, Monterey"
19,"Luxembourg, Ste Zithe"
19,"Centre, Michel Rodange"
19,"Centre, Etats-Unis"
19,"Centre, Commerce"
19,"Luxembourg, Gare Centrale"
19,"Centre, Al Avenue/A-Z"
19,"Centre, F.D. Roosevelt"
19,"Centre, Hällepull"
19,"Centre, Cathédrale"
19,"Centre, Kasinosgaass"
19,"Centre, Badanstalt"
19,"Centre, Fondation Pescatore"
19,"Limpertsberg, Lycée Robert Schuman"
19,"Limpertsberg, Belle-Vue"
19,"Limpertsberg, Arts & Métiers"
19,"Limpertsberg, Guillaume Schneider"
19,"Limpertsberg, Bois"
19,"Limpertsberg, Wassertuerm"
19,"Limpertsberg, Square André"
19,"Limpertsberg, Batty Weber"
19,"Luxembourg, Uni Campus Limpertsberg"
19,"Limpertsberg, Jean Soupert"
19,"Limpertsberg, Lefèvre"
19,"Limpertsberg, Neumans-Park"
20,"Centre, Fondation Pescatore"
20,"Kirchberg, Luxexpo Quai 4 (Arrêt Bus)"
20,"Kirchberg, Hôpital"
20,"Weimershof, Joseph Hackin"
20,"Kirchberg, Labours"
20,"Kirchberg, Muguets"
20,"Kirchberg, Marguerites"
20,"Weimershof, Pâquerettes"
20,"Weimershof, Bleuets"
20,"Kirchberg, Léon Hengen"
20,"Kirchberg, Niedergrünewald"
20,"Kirchberg, Rout Bréck - Pafendall"
20,"Centre, Fondation Pescatore"
21,"Eich, Centre Culturel"
21,"Gasperich, Guillaume Kroll"
21,"Gasperich, Ruppert"
21,"Gasperich, Jean Piret"
21,"Gasperich, Émile Bian"
21,"Gasperich, Leonardo Da Vinci"
21,"Gasperich, Francophonie"
21,"Luxembourg, Gare Centrale"
21,"Centre, Paris/Zitha"
21,"Centre, Martyrs"
21,"Centre, Monterey"
21,"Centre, Charlys Gare"
21,"Rollingergrund, Biischtefabrik"
21,"Rollingergrund, Bei Der Fiels"
21,"Rollingergrund, Beim Klomp"
21,"Rollingergrund, Val Fleuri"
21,"Rollingergrund, Val St André"
21,"Rollingergrund, Roudebierg"
21,"Rollingergrund, Villeroy & Boch"
21,"Muhlenbach, Peiffeschbierg"
21,"Muhlenbach, Siwemuergen"
21,"Muhlenbach, Eecher Schmelz"
21,"Eich, Ecole Eich"
21,"Eich, Eecher Plaz"
21,"Eich, Centre Culturel"
22,"Belair, Stade"
22,"Luxembourg, Gare Centrale"
22,"Centre, Paris/Zitha"
22,"Centre, Martyrs"
22,"Centre, Monterey"
22,"Centre, Charlys Gare"
22,"Belair, Service Incendie"
22,"Belair, Stade"
23,"Beggen, Henri Dunant"
23,"Gasperich, François Hogenberg"
23,"Gasperich, Louis De Froment"
23,"Gasperich, Klensch"
23,"Gasperich, Al Gasperich"
23,"Gasperich, Bei Der Auer"
23,"Gasperich, Clemenceau"
23,"Gasperich, Richard Wagner"
23,"Gasperich, Millewee"
23,"Gasperich, Déportation"
23,"Centre, Alsace"
23,"Luxembourg, Gare Centrale"
23,"Centre, Paris/Zitha"
23,"Grund, Stadgronn-Bréck"
23,"Clausen, Rumm"
23,"Clausen, Tour Jacob"
23,"Clausen, Clausener Bréck"
23,"Clausen, Ste Cunégonde"
23,"Pfaffenthal, Vauban"
23,"Pfaffenthal, Théiwesbur"
23,"Pfaffenthal, Halte Cfl"
23,"Pfaffenthal, Sichenhaff"
23,"Pfaffenthal, Stade G.Diderich"
23,"Eich, Eecher Plaz"
23,"Dommeldange, Contournement"
23,"Dommeldange, Van Der Meulen"
23,"Dommeldange, Château"
23,"Luxembourg, Chingiz Aitmatov"
23,"Beggen, Cyprien Merjai"
23,"Beggen, Henri Dunant"
24,"Howald, P&R Howald"
24,"Hollerich, P+R Bouillon"
24,"Hollerich, P+R Bouillon Ext."
24,"Hollerich, Assurances Sociales"
24,"Gasperich, Gaasperecherbierg"
24,"Gasperich, Plantin"
24,"Gasperich, Jean Piret"
24,"Gasperich, Émile Bian"
24,"Gasperich, Leonardo Da Vinci"
24,"Howald, P&R Howald"
25,"Dommeldange, Gare"
25,"Hamm, Rue De Bitbourg"
25,"Hamm, Ronndréisch"
25,"Cents, Halte Cfl"
25,"Cents, Kierch"
25,"Cents, Robert Bruch"
25,"Cents, Trèves"
25,"Cents, Carmel"
25,"Cents, Camille Polfer"
25,"Cents, Waassertuerm"
25,"Neudorf, Kalchesbruck"
25,"Weimershof, Fierschterhaus"
25,"Neudorf, Laangegronn"
25,"Neiduerf, Kapell"
25,"Neiduerf, Brasserie"
25,"Neudorf, Huesegrëndchen"
25,"Neudorf, Carrières"
25,"Kirchberg, Bricher Gässel"
25,"Kirchberg, Labours"
25,"Weimershof, Joseph Hackin"
25,"Kirchberg, Hôpital"
25,"Kirchberg, Luxexpo Quai 4 (Arrêt Bus)"
25,"Kirchberg, Poutty Stein"
25,"Kirchberg, Chambre Des Métiers"
25,"Kirchberg, Réimerwee"
25,"Kirchberg, Albert Borschette"
25,"Kirchberg, Coudenhove-Kalergi"
25,"Kirchberg, Konrad Adenauer"
25,"Kirchberg, Antoine De St Exupéry"
25,"Kirchberg, Jean Monnet"
25,"Kirchberg, Paul Noesen"
25,"Weimerskirch, St.Vith"
25,"Weimerskirch, Pierre-Eloi Schoué"
25,"Weimerskirch, Mäertesbur"
25,"Weimerskirch, Duerf"
25,"Weimerskirch, Knupp"
25,"Weimerskirch, Tommys Bruch"
25,"Weimerskirch, Biechelchen"
25,"Dommeldange, Van Der Meulen"
25,"Dommeldange, Sidney Thomas"
25,"Dommeldange, Gare"
26,"Gasperich, Guillaume Kroll"
26,"Howald, Peternelchen"
26,"Howald, Ronneboesch"
26,"Gasperich, Hildegard Von Bingen"
26,"Gasperich, Émile Bian"
26,"Gasperich, Jean Piret"
26,"Gasperich, Ruppert"
26,"Gasperich, Guillaume Kroll"
27,"Bertrange, Belle Etoile"
27,"Luxembourg, Gare Centrale"
27,"Hollerich, Fonderie"
27,"Hollerich, Jean-Baptiste Merkels"
27,"Hollerich, Salzhaff"
27,"Merl, Marcel Cahen"
27,"Merl, St. Gengoul"
27,"Merl, Plaak"
27,"Merl, Op Der Millen"
27,"Strassen, Atrium"
27,"Strassen, Bourmicht"
27,"Strassen, Les Thermes"
27,"Bertrange, Spatzwiss"
27,"Strassen, Gare"
27,"Bertrange, Belle Etoile"
28,"Bertrange, Belle Etoile"
28,"Luxembourg, Gare Centrale"
28,"Centre, Paris/Zitha"
28,"Centre, Martyrs"
28,"Centre, Monterey"
28,"Centre, Charlys Gare"
28,"Belair, Service Incendie"
28,"Belair, Stade"
28,"Belair, Wandmillen"
28,"Strassen, Huorgarten"
28,"Strassen, Hondseck"
28,"Strassen, Aurélia"
28,"Strassen, Benelux"
28,"Strassen, Barblé"
28,"Strassen, Kesseler"
28,"Strassen, Geesseneck"
28,"Strassen, Schoenacht"
28,"Bertrange, Belle Etoile"
29,"Howald, P&R Howald"
29,"Senningerberg, Charlys Statioun"
29,"Senningerberg, Rue Du Golf"
29,"Senningerberg, Autobunn"
29,"Senningerberg, Lou Hemmer"
29,"Findel, Cité Aéroport"
29,"Findel, Business Center"
29,"Kalchesbréck, Reno"
29,"Cents, Waassertuerm"
29,"Cents, Camille Polfer"
29,"Cents, Carmel"
29,"Cents, Trèves"
29,"Cents, Robert Bruch"
29,"Cents, Halte Cfl"
29,"Pulvermuhl, Hammerdällchen"
29,"Verlorenkost, Général Patton"
29,"Verlorenkost, Al Molkerei"
29,"Luxembourg, Gare Rocade"
29,"Bonnevoie, Dernier Sol"
29,"Bonnevoie, Hippodrome"
29,"Bonnevoie, Neufchâteau"
29,"Howald, Rangwee"
29,"Howald, Moureschanz"
29,"Howald, Ronneboesch"
29,"Howald, Op Der Stirzel"
29,"Howald, P&R Howald"
30,"Bonnevoie, Lycée Technique De Bonnevoie/Quais"
30,"Limpertsberg, Lycée Michel Lucius"
30,"Limpertsberg, Batty Weber"
30,"Luxembourg, Uni Campus Limpertsberg"
30,"Limpertsberg, Ermesinde"
30,"Limpertsberg, Henri VII"
30,"Limpertsberg, Glacis/Nikloskierfecht"
30,"Centre, Stäreplaz"
30,"Belair, Wampach"
30,"Centre, Monterey"
30,"Centre, Martyrs"
30,"Centre, Paris/Zitha"
30,"Luxembourg, Wallis"
30,"Bonnevoie, Huese Vic"
30,"Bonnevoie, Virchow"
30,"Bonnevoie, Fraternité"
30,"Bonnevoie, Léon XIII"
30,"Bonnevoie, Willibrord"
30,"Bonnevoie, Lycée Technique De Bonnevoie/Quais"
31,"Bonnevoie, Carignan"
31,"Strassen, Oricher-Hoehl"
31,"Strassen, Cité Pescher"
31,"Strassen, Schafsstrachen"
31,"Reckenthal, Gäertnerei"
31,"Rollingergrund, Steekaul"
31,"Rollingergrund, Stand De Tir"
31,"Rollingergrund, Roudebierg"
31,"Rollingergrund, Val St André"
31,"Rollingergrund, Val Fleuri"
31,"Rollingergrund, Beim Klomp"
31,"Rollingergrund, Bei Der Fiels"
31,"Rollingergrund, Biischtefabrik"
31,"Centre, Stäreplaz"
31,"Belair, Wampach"
31,"Centre, Monterey"
31,"Centre, Martyrs"
31,"Centre, Paris/Zitha"
31,"Luxembourg, Gare Centrale"
31,"Luxembourg, Gare Rocade"
31,"Verlorenkost, Laboratoire"
31,"Verlorenkost, Lavoisier"
31,"Verlorenkost, Aloyse Meyer"
31,"Bonnevoie, Pierre Hentges"
31,"Bonnevoie, Fraternité"
31,"Bonnevoie, Émile Duployé"
31,"Bonnevoie, Chalop"
31,"Bonnevoie, Baden-Powell"
31,"Bonnevoie, Egalité"
31,"Bonnevoie, Carignan"
32,"Bonnevoie, Carignan"
32,"Strassen, Oricher-Hoehl"
32,"Strassen, Cité Pescher"
32,"Strassen, Schafsstrachen"
32,"Reckenthal, Gäertnerei"
32,"Rollingergrund, Steekaul"
32,"Rollingergrund, Stand De Tir"
32,"Rollingergrund, Roudebierg"
32,"Rollingergrund, Val St André"
32,"Rollingergrund, Val Fleuri"
32,"Rollingergrund, Beim Klomp"
32,"Rollingergrund, Bei Der Fiels"
32,"Rollingergrund, Biischtefabrik"
32,"Centre, Stäreplaz"
32,"Belair, Wampach"
32,"Centre, Monterey"
32,"Centre, Martyrs"
32,"Centre, Paris/Zitha"
32,"Luxembourg, Gare Centrale"
32,"Luxembourg, Gare Rocade"
32,"Verlorenkost, Laboratoire"
32,"Verlorenkost, Lavoisier"
32,"Verlorenkost, Aloyse Meyer"
32,"Bonnevoie, Pierre Hentges"
32,"Bonnevoie, Fraternité"
32,"Bonnevoie, Émile Duployé"
32,"Bonnevoie, Chalop"
32,"Bonnevoie, Baden-Powell"
32,"Bonnevoie, Egalité"
32,"Bonnevoie, Carignan"
CN1,"Cents, Tawioun"
CN1,"Cents, Waassertuerm"
CN1,"Cents, Camille Polfer"
CN1,"Cents, Carmel"
CN1,"Cents, Trèves"
CN1,"Cents, Kierch"
CN1,"Cents, Tawioun"
CN2,"Centre, Fondation Pescatore"
CN2,"Limpertsberg, Lycée Robert Schuman"
CN2,"Limpertsberg, Lycée De Garçons"
CN2,"Limpertsberg, Alen Tramsschapp"
CN2,"Limpertsberg, Square André"
CN2,"Limpertsberg, Batty Weber"
CN2,"Luxembourg, Uni Campus Limpertsberg"
CN2,"Limpertsberg, Ermesinde"
CN2,"Limpertsberg, Henri VII"
CN2,"Limpertsberg, Glacis/Nikloskierfecht"
CN2,"Luxembourg, Square New York"
CN2,"Belair, Archiducs"
CN2,"Belair, Amsterdam"
CN2,"Belair, Kierch"
CN2,"Belair, Oradour"
CN2,"Merl, Kiirfecht"
CN2,"Merl, Laang Heck"
CN2,"Merl, Orval"
CN2,"Belair, Place De France"
CN2,"Merl, Parc"
CN2,"Belair, Franciscaines"
CN2,"Belair, Crécy"
CN2,"Belair, Wampach"
CN3,"Centre, Martyrs"
CN3,"Centre, Paris/Zitha"
CN3,"Luxembourg, Wallis"
CN3,"Bonnevoie, Huese Vic"
CN3,"Bonnevoie, Virchow"
CN3,"Bonnevoie, Fraternité"
CN3,"Bonnevoie, Vannérus"
CN3,"Bonnevoie, Wisestrooss"
CN3,"Bonnevoie, Jeanne D'Arc"
CN3,"Bonnevoie, Nic Martha"
CN3,"Bonnevoie, Jules Fischer"
CN3,"Bonnevoie, Lycée Technique De Bonnevoie/Quais"
CN3,"Howald, Rangwee"
CN3,"Gasperich, Clemenceau"
CN3,"Gasperich, Bei Der Auer"
CN3,"Gasperich, Al Gasperich"
CN3,"Gasperich, Gaasperecherbierg"
CN3,"Cessange, Rue Verte"
CN3,"Cessange, Kierch"
CN3,"Cessange, Fischerhaff"
CN3,"Cessange, Artisans"
CN3,"Cessange, Barrès"
CN3,"Hollerich, Assurances Sociales"
CN3,"Hollerich, Heentze Park"
CN3,"Belair, Rheinsheim"
CN4,"Centre, Badanstalt"
CN4,"Limpertsberg, Crispinus"
CN4,"Eich, Octroi"
CN4,"Eich, Eecher Plaz"
CN4,"Weimerskirch, Laval's Park"
CN4,"Weimerskirch, Duerf"
CN4,"Weimerskirch, Mäertesbur"
CN4,"Weimerskirch, Pierre-Eloi Schoué"
CN4,"Weimerskirch, St.Vith"
CN4,"Kirchberg, Paul Noesen"
CN4,"Kirchberg, Jean Monnet"
CN4,"Kirchberg, Antoine De St Exupéry"
CN4,"Kirchberg, Konrad Adenauer"
CN4,"Kirchberg, Avalon"
CN4,"Kirchberg, Chambre Des Métiers"
CN4,"Kirchberg, Alphonse Weicker"
CN4,"Kirchberg, Rout Bréck - Pafendall"
CN4,"Centre, Fondation Pescatore"
CSB,"Centre, Beaumont"
CSB,"Limpertsberg, Parking Glacis"
CSB,"Centre, Forum Royal"
CSB,"Centre, Hällepull"
CSB,"Centre, Cathédrale"
CSB,"Centre, Kasinosgaass"
CSB,"Centre, Beaumont"
